"Symbol","Series","Date","Prev Close","Open Price","High Price","Low Price","Last Price","Close Price","Average Price","Total Traded Quantity","Turnover","No. of Trades","Deliverable Qty","% Dly Qt to Traded Qty"
"TECHM","EQ","02-May-2018","        670.60","        674.00","        674.00","        655.50","        661.50","        662.55","        661.79","    1745715","          1155295103.70","      43904","     696072","         39.87"
"TECHM","EQ","03-May-2018","        662.55","        662.55","        667.00","        645.90","        649.95","        652.95","        653.84","    2284475","          1493683936.70","      42277","     842669","         36.89"
"TECHM","EQ","04-May-2018","        652.95","        652.95","        665.60","        636.45","        663.00","        662.65","        655.72","    3162498","          2073712458.05","      49654","    1329299","         42.03"
"TECHM","EQ","07-May-2018","        662.65","        671.75","        675.50","        654.20","        657.10","        657.40","        663.04","    2770174","          1836736219.55","      73677","     936656","         33.81"
"TECHM","EQ","08-May-2018","        657.40","        663.00","        666.40","        651.05","        652.10","        653.35","        657.68","    1771130","          1164835671.65","      33846","     690309","         38.98"
"TECHM","EQ","09-May-2018","        653.35","        653.00","        665.75","        648.30","        656.15","        654.10","        657.68","    2193797","          1442817016.55","      49735","     925523","         42.19"
"TECHM","EQ","10-May-2018","        654.10","        656.65","        671.90","        656.65","        662.80","        663.60","        663.90","    3927593","          2607529481.75","      75202","    1593557","         40.57"
"TECHM","EQ","11-May-2018","        663.60","        663.00","        671.75","        654.20","        665.30","        666.45","        662.32","    2880596","          1907876744.05","      64933","    1438416","         49.93"
"TECHM","EQ","14-May-2018","        666.45","        661.60","        670.00","        658.25","        664.60","        667.25","        665.01","    1436196","           955083782.00","      43976","     710216","         49.45"
"TECHM","EQ","15-May-2018","        667.25","        664.60","        680.00","        663.30","        669.15","        670.65","        674.04","    2427422","          1636176857.45","      52126","     986188","         40.63"
"TECHM","EQ","16-May-2018","        670.65","        671.00","        678.70","        669.00","        674.45","        672.70","        673.67","    1690858","          1139079999.65","      36935","     594629","         35.17"
"TECHM","EQ","17-May-2018","        672.70","        679.00","        681.00","        666.30","        673.55","        675.80","        672.82","    2022339","          1360674181.45","      46756","    1071980","         53.01"
"TECHM","EQ","18-May-2018","        675.80","        679.80","        697.50","        671.25","        695.90","        692.95","        689.52","    4304706","          2968172390.35","      81034","    1809896","         42.04"
"TECHM","EQ","21-May-2018","        692.95","        692.00","        695.90","        678.25","        687.80","        685.35","        686.49","    2342450","          1608059333.95","      48816","     946086","         40.39"
"TECHM","EQ","22-May-2018","        685.35","        683.60","        690.50","        675.00","        686.45","        686.40","        682.95","    1797801","          1227809741.75","      50523","     887795","         49.38"
"TECHM","EQ","23-May-2018","        686.40","        687.00","        707.30","        683.25","        701.00","        697.45","        699.01","    3516538","          2458090567.75","      93799","    1668757","         47.45"
"TECHM","EQ","24-May-2018","        697.45","        700.95","        715.90","        695.85","        713.20","        711.35","        708.05","    5914361","          4187673569.90","      73598","    3381440","         57.17"
"TECHM","EQ","25-May-2018","        711.35","        714.95","        718.70","        696.00","        705.05","        702.75","        710.42","    3547180","          2519986452.95","      77059","    1386757","         39.09"
"TECHM","EQ","28-May-2018","        702.75","        713.95","        713.95","        662.35","        676.00","        675.25","        677.19","    8983562","          6083534128.60","     126077","    2369550","         26.38"
"TECHM","EQ","29-May-2018","        675.25","        676.05","        686.50","        673.25","        676.30","        677.85","        680.35","    2684315","          1826283469.65","      69673","     773109","         28.80"
"TECHM","EQ","30-May-2018","        677.85","        678.00","        691.25","        678.00","        685.05","        687.25","        685.17","    3744400","          2565537446.65","     118812","    1756847","         46.92"
"TECHM","EQ","31-May-2018","        687.25","        686.00","        717.80","        682.45","        709.00","        712.35","        707.84","    7789699","          5513843777.10","     147536","    3369468","         43.26"
"TECHM","EQ","01-Jun-2018","        712.35","        712.00","        721.50","        698.20","        703.00","        701.15","        712.13","    4585884","          3265761896.70","      73802","    2031397","         44.30"
"TECHM","EQ","04-Jun-2018","        701.15","        698.00","        717.00","        695.40","        697.90","        698.30","        704.85","    2864750","          2019206225.85","      72563","    1350660","         47.15"
"TECHM","EQ","05-Jun-2018","        698.30","        703.00","        714.80","        697.35","        703.00","        701.25","        705.56","    3710175","          2617764571.65","     135043","    1101223","         29.68"
"TECHM","EQ","06-Jun-2018","        701.25","        705.00","        706.50","        684.30","        695.00","        691.75","        690.45","    2793493","          1928758628.65","      99085","    1139322","         40.78"
"TECHM","EQ","07-Jun-2018","        691.75","        694.50","        703.90","        683.00","        702.50","        701.85","        693.27","    3166739","          2195393675.15","      78057","    1190746","         37.60"
"TECHM","EQ","08-Jun-2018","        701.85","        705.00","        721.30","        703.50","        706.00","        706.95","        711.65","    4572713","          3254179378.15","     109351","    1991446","         43.55"
"TECHM","EQ","11-Jun-2018","        706.95","        709.00","        721.90","        705.50","        714.25","        714.20","        714.97","    4023019","          2876355397.00","      79721","    2428690","         60.37"
"TECHM","EQ","12-Jun-2018","        714.20","        715.10","        718.65","        706.30","        710.00","        709.10","        710.96","    2200939","          1564779425.50","      58816","    1080154","         49.08"
"TECHM","EQ","13-Jun-2018","        709.10","        715.00","        715.10","        706.40","        714.20","        713.80","        712.03","    2429450","          1729844829.70","     115080","    1331662","         54.81"
"TECHM","EQ","14-Jun-2018","        713.80","        711.00","        717.90","        690.00","        698.40","        698.80","        700.31","    4483300","          3139721524.35","     100570","    2239195","         49.95"
"TECHM","EQ","15-Jun-2018","        698.80","        702.50","        712.00","        695.20","        709.50","        707.25","        704.72","    3273882","          2307168681.05","      86356","    1350401","         41.25"
"TECHM","EQ","18-Jun-2018","        707.25","        711.00","        714.15","        701.35","        709.10","        710.55","        708.93","    1693522","          1200589360.25","      45816","     689958","         40.74"
"TECHM","EQ","19-Jun-2018","        710.55","        708.95","        712.00","        694.50","        695.15","        695.75","        701.62","    2008178","          1408983042.50","      72149","    1087231","         54.14"
"TECHM","EQ","20-Jun-2018","        695.75","        699.90","        700.50","        688.30","        692.00","        690.55","        691.54","    2117024","          1464011880.40","      51901","    1147183","         54.19"
"TECHM","EQ","21-Jun-2018","        690.55","        694.70","        702.75","        682.20","        684.20","        685.30","        694.08","    2599578","          1804308501.85","      92405","     911256","         35.05"
"TECHM","EQ","22-Jun-2018","        685.30","        686.00","        692.80","        679.50","        690.20","        691.15","        686.90","    1604665","          1102238926.90","      59872","     751787","         46.85"
"TECHM","EQ","25-Jun-2018","        691.15","        692.95","        699.90","        691.00","        694.90","        696.15","        695.62","    1850829","          1287479378.50","      51512","     821497","         44.39"
"TECHM","EQ","26-Jun-2018","        696.15","        695.00","        699.90","        682.15","        689.70","        687.85","        689.94","    1687463","          1164244911.80","      65062","     805283","         47.72"
"TECHM","EQ","27-Jun-2018","        687.85","        692.00","        716.90","        690.00","        716.20","        714.25","        708.62","    5570107","          3947097822.00","     112237","    1700750","         30.53"
"TECHM","EQ","28-Jun-2018","        714.25","        716.05","        721.75","        659.25","        663.70","        664.25","        682.91","    8192199","          5594503625.45","     164867","    3045888","         37.18"
"TECHM","EQ","29-Jun-2018","        664.25","        673.90","        675.80","        634.15","        653.25","        655.45","        651.72","   10890801","          7097793242.75","     176284","    2738674","         25.15"
"TECHM","EQ","02-Jul-2018","        655.45","        657.95","        669.50","        640.00","        654.70","        657.20","        656.69","    4422723","          2904374044.80","     102523","    1405781","         31.79"
"TECHM","EQ","03-Jul-2018","        657.20","        659.95","        666.20","        654.30","        660.00","        660.85","        661.14","    3506534","          2318327036.00","      58161","    1743398","         49.72"
"TECHM","EQ","04-Jul-2018","        660.85","        665.35","        665.40","        652.00","        654.50","        654.50","        655.68","    2070241","          1357415666.10","      44074","     927977","         44.82"
"TECHM","EQ","05-Jul-2018","        654.50","        662.00","        663.05","        645.00","        646.30","        646.65","        650.82","    2864186","          1864079355.35","      45158","    1327099","         46.33"
"TECHM","EQ","06-Jul-2018","        646.65","        649.70","        651.05","        633.00","        634.95","        634.90","        639.26","    5193752","          3320174222.00","      78039","    3314613","         63.82"
"TECHM","EQ","09-Jul-2018","        634.90","        640.00","        648.35","        637.00","        645.65","        643.85","        642.95","    1990065","          1279518292.55","      53090","     705610","         35.46"
"TECHM","EQ","10-Jul-2018","        643.85","        649.00","        661.00","        645.30","        650.60","        650.75","        652.87","    3496172","          2282555853.70","      71643","    1536854","         43.96"
"TECHM","EQ","11-Jul-2018","        650.75","        655.00","        669.80","        651.05","        654.40","        654.40","        661.47","    5529491","          3657585026.45","      95942","    2089028","         37.78"
"TECHM","EQ","12-Jul-2018","        654.40","        659.30","        664.00","        645.00","        648.10","        647.70","        653.06","    3416881","          2231420390.25","     117479","    1742133","         50.99"
"TECHM","EQ","13-Jul-2018","        647.70","        647.00","        655.00","        635.50","        640.00","        641.05","        646.97","    3194276","          2066585159.65","      76355","    1697157","         53.13"
"TECHM","EQ","16-Jul-2018","        641.05","        643.95","        661.55","        638.20","        657.60","        657.30","        652.41","    2856991","          1863939619.15","      66685","     826916","         28.94"
"TECHM","EQ","17-Jul-2018","        657.30","        654.00","        664.90","        644.55","        650.00","        646.80","        653.88","    2658597","          1738412039.95","      51440","    1147609","         43.17"
"TECHM","EQ","18-Jul-2018","        646.80","        650.00","        654.90","        640.00","        645.75","        646.30","        647.66","    2568607","          1663582244.00","      69869","    1280409","         49.85"
"TECHM","EQ","19-Jul-2018","        646.30","        646.30","        654.95","        640.00","        643.10","        642.20","        644.95","    1610766","          1038858609.80","      39567","     659763","         40.96"
"TECHM","EQ","20-Jul-2018","        642.20","        644.10","        661.75","        643.50","        658.00","        659.45","        656.38","    2868824","          1883039255.85","      57951","    1257692","         43.84"
"TECHM","EQ","23-Jul-2018","        659.45","        658.00","        660.95","        639.50","        651.00","        648.55","        646.57","    3696991","          2390360948.45","      82077","    2294952","         62.08"
"TECHM","EQ","24-Jul-2018","        648.55","        653.65","        654.90","        639.10","        640.65","        641.50","        643.20","    3855335","          2479744092.90","      91373","    2881344","         74.74"
"TECHM","EQ","25-Jul-2018","        641.50","        644.00","        646.15","        627.20","        629.05","        631.35","        637.68","    2269581","          1447260012.40","      64921","    1093077","         48.16"
"TECHM","EQ","26-Jul-2018","        631.35","        624.00","        634.60","        612.40","        633.60","        632.05","        626.11","    3542338","          2217885993.15","      82061","    1661736","         46.91"
"TECHM","EQ","27-Jul-2018","        632.05","        632.90","        649.65","        623.65","        645.80","        645.10","        633.60","    3040306","          1926323419.40","      50407","    1537871","         50.58"
"TECHM","EQ","30-Jul-2018","        645.10","        648.00","        658.75","        646.30","        658.00","        655.45","        651.71","    3393232","          2211411574.25","      63017","    1615021","         47.60"
"TECHM","EQ","31-Jul-2018","        655.45","        661.00","        684.90","        661.00","        680.00","        680.75","        678.42","    9680690","          6567574231.10","     142507","    3663633","         37.84"
"TECHM","EQ","01-Aug-2018","        680.75","        684.40","        687.50","        672.60","        679.00","        681.10","        679.94","    2887901","          1963613581.05","      64044","    1425961","         49.38"
"TECHM","EQ","02-Aug-2018","        681.10","        678.80","        683.35","        666.50","        669.00","        669.00","        672.22","    1958340","          1316438632.60","      58294","    1060598","         54.16"
"TECHM","EQ","03-Aug-2018","        669.00","        672.00","        674.95","        654.75","        659.55","        662.75","        660.61","    2862463","          1890983340.30","     109945","    1531211","         53.49"
"TECHM","EQ","06-Aug-2018","        662.75","        662.75","        672.95","        662.75","        666.10","        667.10","        668.31","    2226904","          1488252457.55","      85470","    1288510","         57.86"
"TECHM","EQ","07-Aug-2018","        667.10","        670.00","        674.75","        652.00","        659.80","        658.75","        663.87","    2689721","          1785633492.10","      67923","    1518901","         56.47"
"TECHM","EQ","08-Aug-2018","        658.75","        660.00","        666.90","        650.50","        653.95","        653.90","        657.08","    2074919","          1363397226.75","      65716","    1072420","         51.68"
"TECHM","EQ","09-Aug-2018","        653.90","        655.00","        658.50","        643.90","        647.00","        646.20","        648.43","    2146227","          1391671865.85","      51163","    1346178","         62.72"
"TECHM","EQ","10-Aug-2018","        646.20","        648.85","        649.80","        634.10","        643.95","        645.95","        640.51","    3135726","          2008461343.60","      58133","    1668086","         53.20"
"TECHM","EQ","13-Aug-2018","        645.95","        649.00","        667.70","        647.00","        663.00","        659.95","        661.11","    5306724","          3508330670.65","      80749","    2541550","         47.89"
"TECHM","EQ","14-Aug-2018","        659.95","        663.00","        677.50","        660.50","        671.00","        672.80","        671.44","    5529769","          3712926733.10","      92791","    2946916","         53.29"
"TECHM","EQ","16-Aug-2018","        672.80","        675.00","        680.70","        664.25","        669.00","        668.65","        671.59","    3624795","          2434364616.10","     103854","    2427904","         66.98"
"TECHM","EQ","17-Aug-2018","        668.65","        666.00","        690.00","        659.40","        688.40","        687.70","        676.90","    3955484","          2677481750.75","      75909","    1646406","         41.62"
"TECHM","EQ","20-Aug-2018","        687.70","        685.00","        697.50","        678.25","        686.15","        687.95","        688.93","    3577624","          2464717672.15","      86893","    1668378","         46.63"
"TECHM","EQ","21-Aug-2018","        687.95","        695.00","        717.10","        694.40","        708.50","        709.40","        709.46","    7918861","          5618085455.45","     139563","    3135066","         39.59"
"TECHM","EQ","23-Aug-2018","        709.40","        710.00","        738.00","        709.00","        728.90","        726.65","        722.52","   11534012","          8333547036.25","     215790","    5292289","         45.88"
"TECHM","EQ","24-Aug-2018","        726.65","        729.50","        737.00","        712.60","        717.70","        718.55","        725.15","    3625878","          2629310855.50","      61050","    1009765","         27.85"
"TECHM","EQ","27-Aug-2018","        718.55","        720.00","        742.00","        720.00","        741.65","        737.95","        732.57","    2968641","          2174722558.70","      67056","     928655","         31.28"
"TECHM","EQ","28-Aug-2018","        737.95","        740.90","        748.90","        734.25","        736.10","        736.10","        741.39","    3782709","          2804474125.45","      82047","    1591432","         42.07"
"TECHM","EQ","29-Aug-2018","        736.10","        738.00","        741.25","        722.45","        734.55","        734.45","        732.55","    3627848","          2657590914.50","      86071","    2141496","         59.03"
"TECHM","EQ","30-Aug-2018","        734.45","        734.45","        737.00","        720.25","        734.00","        731.90","        728.30","    4304298","          3134839589.10","      82871","    2339794","         54.36"
"TECHM","EQ","31-Aug-2018","        731.90","        734.00","        768.75","        731.25","        766.00","        765.80","        753.25","    7276056","          5480718002.30","     129058","    2613520","         35.92"
"TECHM","EQ","03-Sep-2018","        765.80","        768.00","        776.50","        741.50","        748.20","        745.65","        762.75","    3610990","          2754288576.30","      59103","    1095755","         30.35"
"TECHM","EQ","04-Sep-2018","        745.65","        751.20","        766.90","        747.40","        766.00","        763.90","        761.06","    4488658","          3416140174.60","     101670","    1212476","         27.01"
"TECHM","EQ","05-Sep-2018","        763.90","        764.90","        779.35","        757.25","        767.95","        766.15","        768.68","    6093648","          4684092698.35","     169635","    2891270","         47.45"
"TECHM","EQ","06-Sep-2018","        766.15","        767.00","        780.00","        756.25","        773.85","        775.05","        766.41","    3982477","          3052216549.95","      74092","    1688792","         42.41"
"TECHM","EQ","07-Sep-2018","        775.05","        775.00","        775.00","        764.20","        771.05","        772.20","        770.38","    2059329","          1586461683.45","      45878","     963283","         46.78"
"TECHM","EQ","10-Sep-2018","        772.20","        774.00","        776.60","        758.65","        767.00","        766.25","        765.91","    2820247","          2160054685.45","      93944","    1632144","         57.87"
"TECHM","EQ","11-Sep-2018","        766.25","        772.00","        773.80","        738.45","        746.00","        747.20","        753.58","    3817364","          2876682075.90","     115983","    1827546","         47.87"
"TECHM","EQ","12-Sep-2018","        747.20","        750.00","        751.90","        728.60","        741.10","        739.80","        742.32","    3934021","          2920319225.60","     134109","    2308764","         58.69"
"TECHM","EQ","14-Sep-2018","        739.80","        739.90","        761.80","        721.55","        759.00","        760.45","        745.63","    3591403","          2677872430.45","      97007","    1343105","         37.40"
"TECHM","EQ","17-Sep-2018","        760.45","        759.50","        772.75","        755.00","        767.60","        767.55","        766.95","    2233000","          1712601623.25","      79442","     877720","         39.31"
"TECHM","EQ","18-Sep-2018","        767.55","        769.85","        769.85","        750.00","        761.00","        754.70","        756.05","    2206998","          1668595905.95","      79046","     861546","         39.04"
"TECHM","EQ","19-Sep-2018","        754.70","        757.00","        772.00","        751.20","        769.95","        769.95","        763.26","    2025718","          1546153014.45","      63815","     777734","         38.39"
"TECHM","EQ","21-Sep-2018","        769.95","        765.00","        769.35","        693.00","        748.60","        738.05","        746.01","    4434535","          3308229002.85","     100145","    2426047","         54.71"
"TECHM","EQ","24-Sep-2018","        738.05","        740.00","        764.00","        737.55","        748.60","        751.45","        756.34","    2811682","          2126595212.10","      58324","    1016383","         36.15"
"TECHM","EQ","25-Sep-2018","        751.45","        751.45","        772.70","        745.10","        759.00","        758.75","        761.60","    2812964","          2142346762.65","      65355","    1135508","         40.37"
"TECHM","EQ","26-Sep-2018","        758.75","        758.55","        768.15","        739.05","        747.90","        748.85","        754.05","    3224771","          2431651100.30","      91089","    1298855","         40.28"
"TECHM","EQ","27-Sep-2018","        748.85","        748.85","        758.95","        737.20","        748.25","        746.05","        747.92","    3479414","          2602336210.30","      90728","    2139124","         61.48"
"TECHM","EQ","28-Sep-2018","        746.05","        738.00","        756.00","        725.00","        747.00","        745.50","        742.01","    2971384","          2204804061.45","      89709","    1348685","         45.39"
"TECHM","EQ","01-Oct-2018","        745.50","        749.00","        763.50","        741.70","        761.50","        759.55","        754.84","    2233369","          1685834866.65","      48490","     689693","         30.88"
"TECHM","EQ","03-Oct-2018","        759.55","        764.00","        780.80","        744.40","        750.20","        750.15","        762.60","    5236214","          3993147022.95","     125757","    2751749","         52.55"
"TECHM","EQ","04-Oct-2018","        750.15","        742.55","        742.90","        713.00","        720.75","        719.85","        722.87","    6561009","          4742747580.75","     148731","    3283262","         50.04"
"TECHM","EQ","05-Oct-2018","        719.85","        718.00","        723.90","        695.50","        715.00","        714.50","        712.64","    4769105","          3398635481.10","     100984","    2235718","         46.88"
"TECHM","EQ","08-Oct-2018","        714.50","        714.50","        719.40","        683.65","        690.00","        694.90","        700.24","    2643927","          1851371049.50","     105549","    1212410","         45.86"
"TECHM","EQ","09-Oct-2018","        694.90","        695.00","        705.00","        690.70","        697.60","        696.10","        697.66","    2729413","          1904206711.25","      61654","    1354434","         49.62"
"TECHM","EQ","10-Oct-2018","        696.10","        692.10","        714.00","        691.05","        699.00","        699.30","        701.81","    3409416","          2392753174.80","      55539","    1949248","         57.17"
"TECHM","EQ","11-Oct-2018","        699.30","        680.00","        702.05","        677.65","        695.50","        695.45","        690.77","    3611423","          2494656125.70","      90376","    2171541","         60.13"
"TECHM","EQ","12-Oct-2018","        695.45","        692.05","        702.55","        688.00","        693.85","        693.80","        695.07","    2727205","          1895585918.55","      81899","    1254751","         46.01"
"TECHM","EQ","15-Oct-2018","        693.80","        693.50","        709.40","        681.45","        693.00","        694.55","        693.59","    4146878","          2876215159.05","     116945","    1917878","         46.25"
"TECHM","EQ","16-Oct-2018","        694.55","        695.00","        727.60","        694.55","        715.00","        718.70","        710.75","    2889306","          2053573914.05","      75755","    1336501","         46.26"
"TECHM","EQ","17-Oct-2018","        718.70","        721.00","        735.00","        717.60","        718.25","        720.50","        724.79","    3320857","          2406920660.35","     103454","    1608766","         48.44"
"TECHM","EQ","19-Oct-2018","        720.50","        710.00","        711.55","        688.40","        692.30","        690.80","        697.63","    2049802","          1430000192.90","      59556","     885810","         43.21"
"TECHM","EQ","22-Oct-2018","        690.80","        688.00","        690.00","        664.65","        679.00","        676.55","        675.78","    3293136","          2225430392.75","      66099","    1049015","         31.85"
"TECHM","EQ","23-Oct-2018","        676.55","        676.00","        683.90","        666.00","        668.55","        668.25","        674.83","    1656193","          1117654620.95","      55872","     681758","         41.16"
"TECHM","EQ","24-Oct-2018","        668.25","        668.00","        675.00","        646.00","        665.50","        667.40","        658.42","    3180852","          2094329832.10","      77519","    1129480","         35.51"
"TECHM","EQ","25-Oct-2018","        667.40","        660.75","        666.15","        649.05","        649.80","        651.40","        657.62","    2142283","          1408804569.50","      56891","    1235052","         57.65"
"TECHM","EQ","26-Oct-2018","        651.40","        655.95","        656.90","        640.40","        653.35","        653.30","        651.08","    1397821","           910095900.00","      31871","     548526","         39.24"
"TECHM","EQ","29-Oct-2018","        653.30","        663.00","        669.05","        644.00","        667.30","        664.25","        659.90","    1942428","          1281815107.10","      43588","     709518","         36.53"
"TECHM","EQ","30-Oct-2018","        664.25","        658.00","        692.45","        657.90","        685.00","        685.10","        680.98","    3825436","          2605036428.40","      75412","     705928","         18.45"
"TECHM","EQ","31-Oct-2018","        685.10","        695.00","        748.80","        672.45","        743.95","        743.90","        719.43","   13010741","          9360310617.15","     244919","    2731964","         21.00"
"TECHM","EQ","01-Nov-2018","        743.90","        747.00","        747.00","        714.10","        720.00","        720.70","        722.88","    3999401","          2891089216.50","      94108","    1458061","         36.46"
"TECHM","EQ","02-Nov-2018","        720.70","        721.60","        727.85","        687.50","        692.05","        690.90","        706.21","    4445407","          3139374468.50","      81388","    1596245","         35.91"
"TECHM","EQ","05-Nov-2018","        690.90","        692.00","        708.70","        690.10","        696.05","        696.35","        699.50","    2782174","          1946123622.15","      70771","     704012","         25.30"
"TECHM","EQ","06-Nov-2018","        696.35","        696.35","        704.50","        691.60","        693.00","        694.55","        698.16","    1752227","          1223331641.90","      49593","     618635","         35.31"
"TECHM","EQ","07-Nov-2018","        694.55","        699.00","        699.00","        693.00","        697.90","        697.25","        697.08","     111376","            77637815.15","       3154","      29611","         26.59"
"TECHM","EQ","09-Nov-2018","        697.25","        704.00","        711.00","        696.20","        708.70","        707.20","        703.55","    2573761","          1810777081.15","      69168","    1428489","         55.50"
"TECHM","EQ","12-Nov-2018","        707.20","        707.20","        731.35","        693.10","        723.95","        724.55","        725.87","    4696550","          3409100969.50","     135249","    2257156","         48.06"
"TECHM","EQ","13-Nov-2018","        724.55","        719.95","        739.35","        718.00","        725.00","        728.05","        729.38","    4401141","          3210097575.95","      93626","    1686590","         38.32"
"TECHM","EQ","14-Nov-2018","        728.05","        725.00","        727.90","        692.10","        702.00","        700.25","        705.18","    3367710","          2374857118.90","      75100","    1464187","         43.48"
"TECHM","EQ","15-Nov-2018","        700.25","        702.00","        721.90","        697.35","        713.05","        714.90","        715.29","    4485617","          3208499162.25","      82318","    2438003","         54.35"
"TECHM","EQ","16-Nov-2018","        714.90","        714.70","        732.30","        711.00","        727.95","        728.00","        723.31","    2874046","          2078820526.65","      69317","    1380995","         48.05"
"TECHM","EQ","19-Nov-2018","        728.00","        730.00","        734.75","        724.25","        730.65","        732.55","        730.61","    2212804","          1616697444.20","      59530","    1166351","         52.71"
"TECHM","EQ","20-Nov-2018","        732.55","        732.50","        732.50","        704.05","        711.60","        709.70","        709.28","    2667937","          1892327071.40","      55110","     874681","         32.78"
"TECHM","EQ","21-Nov-2018","        709.70","        709.70","        709.80","        684.25","        691.70","        690.65","        691.19","    3108345","          2148446648.50","      71828","     898362","         28.90"
"TECHM","EQ","22-Nov-2018","        690.65","        702.70","        710.00","        685.45","        688.00","        690.80","        699.54","    4031353","          2820094281.90","      71874","     607798","         15.08"
"TECHM","EQ","26-Nov-2018","        690.80","        688.00","        698.75","        671.00","        696.20","        694.50","        684.09","    2993915","          2048092793.25","      64834","     721754","         24.11"
"TECHM","EQ","27-Nov-2018","        694.50","        695.70","        708.30","        685.05","        696.50","        694.15","        694.06","    2560757","          1777321841.50","      57596","     531801","         20.77"
"TECHM","EQ","28-Nov-2018","        694.15","        701.00","        705.90","        692.00","        698.50","        697.50","        698.93","    2767316","          1934161606.05","      54059","     921069","         33.28"
"TECHM","EQ","29-Nov-2018","        697.50","        706.00","        706.00","        685.25","        688.80","        687.50","        692.66","    2351937","          1629086947.85","      73708","     943789","         40.13"
"TECHM","EQ","30-Nov-2018","        687.50","        688.80","        709.90","        686.95","        706.80","        705.95","        700.38","    3292579","          2306061491.75","      81120","    1337666","         40.63"
"TECHM","EQ","03-Dec-2018","        705.95","        706.80","        717.65","        703.70","        711.65","        712.70","        711.51","    2410009","          1714754274.65","      56096","     845794","         35.10"
"TECHM","EQ","04-Dec-2018","        712.70","        712.70","        724.75","        704.55","        723.00","        723.55","        715.88","    2896702","          2073683439.20","      72193","     933932","         32.24"
"TECHM","EQ","05-Dec-2018","        723.55","        711.05","        739.90","        711.05","        728.00","        726.85","        729.33","    4864922","          3548129719.70","      86756","    1949138","         40.07"
"TECHM","EQ","06-Dec-2018","        726.85","        724.00","        724.00","        690.60","        695.00","        696.40","        701.05","    3467903","          2431187675.05","     100285","     826663","         23.84"
"TECHM","EQ","07-Dec-2018","        696.40","        698.00","        703.95","        685.15","        693.00","        694.25","        696.15","    2423892","          1687389359.25","      61677","     835424","         34.47"
"TECHM","EQ","10-Dec-2018","        694.25","        687.00","        705.00","        680.05","        688.70","        687.90","        693.67","    2334813","          1619599949.00","      58993","     615248","         26.35"
"TECHM","EQ","11-Dec-2018","        687.90","        690.00","        708.90","        685.00","        696.00","        695.30","        698.52","    3495336","          2441548234.20","      83105","    1449082","         41.46"
"TECHM","EQ","12-Dec-2018","        695.30","        700.00","        711.20","        690.55","        706.95","        705.35","        703.05","    2355119","          1655757997.20","      53298","     649372","         27.57"
"TECHM","EQ","13-Dec-2018","        705.35","        706.00","        713.00","        697.10","        709.15","        709.30","        705.82","    2593714","          1830689094.40","      62561","    1000999","         38.59"
"TECHM","EQ","14-Dec-2018","        709.30","        709.15","        716.80","        705.10","        711.00","        712.20","        711.62","    1982037","          1410466289.15","      63967","     701083","         35.37"
"TECHM","EQ","17-Dec-2018","        712.20","        712.50","        722.50","        711.50","        720.00","        719.75","        716.88","    1435014","          1028735153.80","      45638","     510235","         35.56"
"TECHM","EQ","18-Dec-2018","        719.75","        715.00","        716.55","        704.20","        708.60","        709.00","        709.09","    1905592","          1351234564.10","      63726","     550045","         28.86"
"TECHM","EQ","19-Dec-2018","        709.00","        709.00","        714.05","        691.90","        713.85","        709.45","        702.26","    2702676","          1897971899.85","      79643","     884204","         32.72"
"TECHM","EQ","20-Dec-2018","        709.45","        702.00","        717.00","        702.00","        709.80","        707.75","        712.07","    1817880","          1294452845.30","      53775","     547287","         30.11"
"TECHM","EQ","21-Dec-2018","        707.75","        710.00","        713.50","        693.00","        696.70","        695.75","        702.01","    2063928","          1448906246.70","      72744","     951731","         46.11"
"TECHM","EQ","24-Dec-2018","        695.75","        699.00","        704.90","        690.60","        697.00","        697.90","        699.54","    1472565","          1030121010.45","      38591","     379137","         25.75"
"TECHM","EQ","26-Dec-2018","        697.90","        695.90","        697.90","        686.00","        695.50","        693.55","        690.50","    1881689","          1299298225.95","      49065","     713908","         37.94"
"TECHM","EQ","27-Dec-2018","        693.55","        702.00","        713.50","        696.15","        708.90","        708.90","        707.60","    3018106","          2135626427.20","      68600","     771251","         25.55"
"TECHM","EQ","28-Dec-2018","        708.90","        710.00","        718.40","        710.00","        713.00","        714.00","        714.09","    1863654","          1330809918.60","      55310","     500507","         26.86"
"TECHM","EQ","31-Dec-2018","        714.00","        720.00","        726.45","        715.10","        721.65","        723.15","        719.99","    1814655","          1306528680.85","      44878","     551860","         30.41"
"TECHM","EQ","01-Jan-2019","        723.15","        715.00","        721.45","        715.00","        720.60","        719.10","        718.29","     815535","           585786790.00","      18357","     125917","         15.44"
"TECHM","EQ","02-Jan-2019","        719.10","        719.15","        729.70","        709.25","        712.15","        712.05","        719.31","    2576769","          1853490296.80","      51794","     785308","         30.48"
"TECHM","EQ","03-Jan-2019","        712.05","        715.05","        716.00","        685.25","        693.00","        691.25","        696.60","    3558015","          2478518160.85","     104275","    1468701","         41.28"
"TECHM","EQ","04-Jan-2019","        691.25","        694.45","        697.05","        672.50","        681.40","        681.10","        681.34","    3926171","          2675046533.35","     132075","    1390485","         35.42"
"TECHM","EQ","07-Jan-2019","        681.10","        685.00","        690.85","        682.55","        687.55","        687.50","        686.78","    1885000","          1294588954.05","      45054","     968848","         51.40"
"TECHM","EQ","08-Jan-2019","        687.50","        688.00","        692.40","        685.20","        688.05","        689.85","        688.44","    1300906","           895595055.40","      34311","     596807","         45.88"
"TECHM","EQ","09-Jan-2019","        689.85","        694.20","        701.40","        684.00","        692.80","        693.70","        695.44","    2183998","          1518839330.65","      61453","     665410","         30.47"
"TECHM","EQ","10-Jan-2019","        693.70","        695.00","        696.95","        689.15","        693.20","        694.55","        693.33","    1454656","          1008550548.10","      42807","     832504","         57.23"
"TECHM","EQ","11-Jan-2019","        694.55","        694.00","        701.25","        687.00","        697.85","        699.20","        694.36","    1849817","          1284434367.70","      70712","    1044018","         56.44"
"TECHM","EQ","14-Jan-2019","        699.20","        703.00","        703.10","        676.90","        679.85","        679.85","        685.71","    1558602","          1068755959.45","      51187","     690054","         44.27"
"TECHM","EQ","15-Jan-2019","        679.85","        682.95","        710.80","        682.05","        706.00","        706.25","        698.31","    2491520","          1739847434.45","      60016","     837876","         33.63"
"TECHM","EQ","16-Jan-2019","        706.25","        705.00","        705.00","        697.00","        700.05","        699.90","        699.73","    1922647","          1345340980.65","      63642","     962584","         50.07"
"TECHM","EQ","17-Jan-2019","        699.90","        699.50","        709.10","        696.00","        705.00","        705.55","        703.95","    1434040","          1009497074.45","      42846","     456143","         31.81"
"TECHM","EQ","18-Jan-2019","        705.55","        705.00","        714.20","        702.35","        708.40","        709.15","        708.76","    1888004","          1338136986.55","      70376","     878054","         46.51"
"TECHM","EQ","21-Jan-2019","        709.15","        710.35","        721.40","        709.00","        712.55","        713.90","        716.84","    2586962","          1854447995.15","      55246","    1348194","         52.11"
"TECHM","EQ","22-Jan-2019","        713.90","        714.00","        720.00","        701.80","        715.65","        714.20","        709.52","    2839669","          2014797485.10","      74701","    1763577","         62.11"
"TECHM","EQ","23-Jan-2019","        714.20","        714.00","        725.90","        711.00","        721.00","        720.70","        721.22","    1965283","          1417402774.55","      56304","     812632","         41.35"
"TECHM","EQ","24-Jan-2019","        720.70","        724.00","        730.00","        716.50","        728.00","        727.75","        724.18","    1849102","          1339079972.95","      55476","     683360","         36.96"
"TECHM","EQ","25-Jan-2019","        727.75","        732.00","        735.20","        724.00","        731.00","        729.05","        730.89","    2528541","          1848075916.65","      58120","    1269669","         50.21"
"TECHM","EQ","28-Jan-2019","        729.05","        732.20","        738.00","        721.15","        734.50","        735.15","        731.56","    1804582","          1320155865.45","      56888","     677968","         37.57"
"TECHM","EQ","29-Jan-2019","        735.15","        735.20","        742.40","        721.40","        733.50","        731.50","        730.97","    3100457","          2266348236.80","      84475","    1456969","         46.99"
"TECHM","EQ","30-Jan-2019","        731.50","        732.00","        733.40","        711.75","        717.20","        714.60","        719.95","    2139900","          1540619238.75","      62090","    1059727","         49.52"
"TECHM","EQ","31-Jan-2019","        714.60","        718.00","        736.70","        718.00","        730.50","        731.90","        731.25","    3253640","          2379219663.50","      82172","    1517510","         46.64"
"TECHM","EQ","01-Feb-2019","        731.90","        732.95","        750.60","        728.00","        749.00","        746.60","        740.70","    2260029","          1673996616.85","      80691","     938818","         41.54"
"TECHM","EQ","04-Feb-2019","        746.60","        749.00","        752.25","        736.60","        751.95","        749.15","        744.52","    1518373","          1130463059.65","      52249","     543080","         35.77"
"TECHM","EQ","05-Feb-2019","        749.15","        752.00","        760.00","        740.20","        758.80","        751.00","        748.28","    2446263","          1830495081.85","      49735","     508979","         20.81"
"TECHM","EQ","06-Feb-2019","        751.00","        784.00","        814.50","        774.00","        812.00","        811.35","        797.73","   14860848","         11854928342.05","     253207","    3536240","         23.80"
"TECHM","EQ","07-Feb-2019","        811.35","        809.00","        816.20","        798.10","        805.70","        805.00","        805.43","    4966655","          4000271200.60","     118997","    1896487","         38.18"
"TECHM","EQ","08-Feb-2019","        805.00","        800.00","        818.00","        800.00","        805.30","        805.55","        809.48","    5242725","          4243881338.95","     155976","    2682335","         51.16"
"TECHM","EQ","11-Feb-2019","        805.55","        809.00","        813.90","        804.00","        809.30","        809.40","        808.69","    2541742","          2055484928.80","      78420","    1300890","         51.18"
"TECHM","EQ","12-Feb-2019","        809.40","        809.90","        814.90","        796.45","        805.00","        805.15","        802.70","    2416559","          1939773449.35","      77958","    1063984","         44.03"
"TECHM","EQ","13-Feb-2019","        805.15","        805.00","        811.10","        797.80","        809.55","        809.70","        806.37","    2032331","          1638818254.90","      81629","     890105","         43.80"
"TECHM","EQ","14-Feb-2019","        809.70","        805.80","        811.75","        800.40","        805.90","        805.90","        807.32","    2464657","          1989765476.70","      74395","    1390452","         56.42"
"TECHM","EQ","15-Feb-2019","        805.90","        804.80","        804.80","        777.25","        802.10","        799.65","        791.62","    4312334","          3413748153.40","      90145","    2445912","         56.72"
"TECHM","EQ","18-Feb-2019","        799.65","        815.00","        822.00","        800.50","        805.35","        803.45","        809.25","    3851335","          3116702547.60","      83929","     920245","         23.89"
"TECHM","EQ","19-Feb-2019","        803.45","        807.00","        809.00","        788.85","        792.35","        791.00","        795.45","    2372030","          1886821362.95","      48884","     893755","         37.68"
"TECHM","EQ","20-Feb-2019","        791.00","        794.05","        816.25","        785.25","        812.80","        812.40","        801.02","    3340240","          2675590655.85","      84064","    1185975","         35.51"
"TECHM","EQ","21-Feb-2019","        812.40","        814.00","        840.00","        809.10","        821.65","        820.65","        827.01","   14193982","         11738555073.45","     223955","    4602134","         32.42"
"TECHM","EQ","22-Feb-2019","        820.65","        824.90","        829.75","        818.10","        825.00","        826.00","        824.21","    4789937","          3947915952.45","     120167","    1974649","         41.22"
"TECHM","EQ","25-Feb-2019","        826.00","        830.20","        832.90","        822.50","        832.25","        830.65","        827.76","    2881535","          2385208427.00","      91580","    1458248","         50.61"
"TECHM","EQ","26-Feb-2019","        830.65","        825.00","        838.40","        820.60","        833.65","        833.30","        831.07","    3319590","          2758821719.90","      87586","    1465593","         44.15"
"TECHM","EQ","27-Feb-2019","        833.30","        836.40","        837.95","        820.60","        825.00","        825.60","        827.78","    3703224","          3065440377.85","      83746","    1807812","         48.82"
"TECHM","EQ","28-Feb-2019","        825.60","        833.00","        838.40","        825.00","        827.90","        830.15","        830.78","    6409662","          5325026977.50","     100267","    4389043","         68.48"
"TECHM","EQ","01-Mar-2019","        830.15","        831.00","        836.50","        829.10","        831.00","        831.80","        832.10","    3820707","          3179215948.00","      95357","    2480084","         64.91"
"TECHM","EQ","05-Mar-2019","        831.80","        822.50","        824.70","        808.05","        810.80","        810.00","        813.17","    4927644","          4007002128.70","     148946","    2373390","         48.16"
"TECHM","EQ","06-Mar-2019","        810.00","        812.00","        829.70","        812.00","        824.60","        823.55","        821.79","    3999053","          3286368741.00","     114541","    1943885","         48.61"
"TECHM","EQ","07-Mar-2019","        823.55","        823.55","        825.45","        806.25","        809.00","        808.25","        813.75","    2306250","          1876715769.45","      57446","    1177325","         51.05"
"TECHM","EQ","08-Mar-2019","        808.25","        810.20","        813.50","        802.60","        810.45","        811.35","        809.56","    1437045","          1163379979.20","      36086","     474211","         33.00"
"TECHM","EQ","11-Mar-2019","        811.35","        812.00","        814.40","        803.00","        808.25","        807.15","        808.12","    2699806","          2181756058.20","      73121","    1417565","         52.51"
"TECHM","EQ","12-Mar-2019","        807.15","        811.00","        813.75","        801.15","        805.70","        804.70","        805.24","    2793702","          2249601713.35","      67139","    1709769","         61.20"
"TECHM","EQ","13-Mar-2019","        804.70","        808.90","        816.00","        788.00","        790.00","        789.95","        797.86","    4815576","          3842139172.80","     116368","    2387913","         49.59"
"TECHM","EQ","14-Mar-2019","        789.95","        792.10","        795.00","        775.00","        790.20","        788.45","        785.05","    3112666","          2443607510.15","      59949","    1522902","         48.93"
"TECHM","EQ","15-Mar-2019","        788.45","        794.00","        807.50","        787.00","        800.50","        799.30","        798.65","    3854238","          3078177015.50","      69455","    1647789","         42.75"
"TECHM","EQ","18-Mar-2019","        799.30","        804.95","        805.70","        782.25","        790.50","        788.60","        794.27","    3379301","          2684074587.75","      97177","    1852201","         54.81"
"TECHM","EQ","19-Mar-2019","        788.60","        793.50","        797.45","        783.25","        794.65","        794.65","        789.00","    2413153","          1903987045.65","      73753","    1432039","         59.34"
"TECHM","EQ","20-Mar-2019","        794.65","        797.00","        806.20","        787.30","        788.50","        789.85","        796.06","    3331375","          2651973857.25","      77754","    1577629","         47.36"
"TECHM","EQ","22-Mar-2019","        789.85","        794.50","        798.00","        783.20","        790.10","        788.75","        788.30","    2815749","          2219648827.20","      95703","    1874384","         66.57"
"TECHM","EQ","25-Mar-2019","        788.75","        792.00","        795.45","        786.40","        788.20","        789.60","        790.31","    1861646","          1471278169.75","      60960","     783459","         42.08"
"TECHM","EQ","26-Mar-2019","        789.60","        790.20","        791.90","        768.15","        769.65","        770.75","        773.59","    3169827","          2452134885.80","      76711","    1379435","         43.52"
"TECHM","EQ","27-Mar-2019","        770.75","        771.00","        773.00","        761.60","        764.50","        764.95","        765.18","    3893738","          2979397272.05","     106994","    2647887","         68.00"
"TECHM","EQ","28-Mar-2019","        764.95","        770.00","        782.00","        768.05","        772.85","        771.70","        775.07","    3908706","          3029513715.60","     106769","    1969521","         50.39"
"TECHM","EQ","29-Mar-2019","        771.70","        778.95","        781.95","        771.00","        776.40","        775.90","        775.34","    2455461","          1903828806.30","      76578","    1387751","         56.52"
"TECHM","EQ","01-Apr-2019","        775.90","        782.85","        794.80","        779.00","        783.85","        785.50","        788.08","    3433947","          2706228103.85","     112564","    1805838","         52.59"
"TECHM","EQ","02-Apr-2019","        785.50","        790.95","        794.00","        785.05","        791.50","        792.45","        789.77","    2596840","          2050895132.25","      56863","    1261524","         48.58"
"TECHM","EQ","03-Apr-2019","        792.45","        792.45","        793.35","        776.25","        777.00","        777.70","        782.23","    1467406","          1147844143.70","      54061","     712150","         48.53"
"TECHM","EQ","04-Apr-2019","        777.70","        777.90","        781.75","        767.25","        775.00","        774.50","        772.02","    1751584","          1352263883.40","      62640","     835240","         47.68"
"TECHM","EQ","05-Apr-2019","        774.50","        779.00","        787.10","        774.50","        778.70","        777.25","        780.75","    1367411","          1067608073.70","      51557","     410436","         30.02"
"TECHM","EQ","08-Apr-2019","        777.25","        779.70","        790.00","        773.40","        788.50","        787.15","        781.45","    1368825","          1069661495.50","      43678","     590075","         43.11"
"TECHM","EQ","09-Apr-2019","        787.15","        790.35","        797.70","        787.30","        788.00","        789.50","        792.46","    2128462","          1686717017.80","      54521","     622600","         29.25"
"TECHM","EQ","10-Apr-2019","        789.50","        786.05","        798.95","        786.00","        790.05","        790.25","        791.44","    2497013","          1976228968.05","      84565","    1418001","         56.79"
"TECHM","EQ","11-Apr-2019","        790.25","        790.40","        795.75","        778.60","        780.00","        780.95","        789.03","    1854222","          1463036177.45","      43815","     884709","         47.71"
"TECHM","EQ","12-Apr-2019","        780.95","        779.00","        786.35","        774.55","        785.95","        785.35","        780.38","    3162714","          2468107990.85","      63394","    1881698","         59.50"
"TECHM","EQ","15-Apr-2019","        785.35","        785.35","        799.40","        785.00","        798.00","        797.20","        796.19","    3317405","          2641289219.85","      63361","    1950250","         58.79"
"TECHM","EQ","16-Apr-2019","        797.20","        799.00","        804.70","        795.15","        797.10","        798.10","        799.56","    1868910","          1494311550.30","      58860","     948729","         50.76"
"TECHM","EQ","18-Apr-2019","        798.10","        804.00","        809.00","        798.10","        800.00","        800.35","        805.36","    6307643","          5079908442.15","      67309","    4487025","         71.14"
"TECHM","EQ","22-Apr-2019","        800.35","        800.70","        810.80","        798.80","        806.00","        805.35","        805.41","    1833972","          1477103226.65","      51827","     737692","         40.22"
"TECHM","EQ","23-Apr-2019","        805.35","        806.50","        807.95","        800.05","        806.40","        804.95","        803.59","    1214892","           976273381.90","      64387","     586131","         48.25"
"TECHM","EQ","24-Apr-2019","        804.95","        807.00","        820.00","        806.00","        818.00","        818.75","        814.67","    2710117","          2207859424.35","      83186","    1320959","         48.74"
"TECHM","EQ","25-Apr-2019","        818.75","        820.00","        827.00","        813.45","        816.00","        816.50","        820.35","    5447101","          4468536960.05","      76442","    4585553","         84.18"
"TECHM","EQ","26-Apr-2019","        816.50","        816.50","        826.85","        816.50","        822.95","        823.25","        822.52","    1996703","          1642323295.25","      88319","    1309691","         65.59"
"TECHM","EQ","30-Apr-2019","        823.25","        825.95","        838.00","        823.10","        835.90","        836.10","        831.68","    2783771","          2315193213.10","      97271","    1595610","         57.32"
